Trial Alias,Warehouse/Affiliate,Site Number,Country,Package Description,Lot Number,Expiration Date,DNSA (Days),Expiration Date - DNSA
CT-2004-PSX,Jordanmouth Logistics Center,SITE-107,Swaziland,Traditional Patch,LOT-45953393,2026-01-08,80,2025-10-20
CT-2004-PSX,New Amymouth Logistics Center,SITE-101,Qatar,Traditional Patch,LOT-94284099,2026-03-08,43,2026-01-24
CT-2004-PSX,Ortizfort Logistics Center,SITE-104,American Samoa,Traditional Patch,LOT-32180264,2025-07-01,17,2025-06-14
CT-2004-PSX,Jonesville Logistics Center,SITE-108,Mali,Traditional Patch,LOT-86533765,2026-11-16,42,2026-10-05
CT-2004-PSX,Coreyshire Logistics Center,SITE-101,Saint Kitts and Nevis,Offer Tablet,LOT-39555641,2027-05-20,36,2027-04-14
CT-2004-PSX,South Jennifer Logistics Center,SITE-103,Malawi,Offer Tablet,LOT-39007987,2027-02-22,42,2027-01-11
CT-2004-PSX,New Amymouth Logistics Center,SITE-101,Qatar,Common Patch,LOT-75185716,2026-06-14,59,2026-04-16
CT-2004-PSX,South Lance Logistics Center,SITE-105,Bhutan,Common Patch,LOT-51070012,2025-12-01,65,2025-09-27
CT-2004-PSX,Braunberg Logistics Center,SITE-106,Nepal,Common Patch,LOT-68153288,2027-09-07,80,2027-06-19
CT-6592-IDY,Smithshire Logistics Center,SITE-109,Austria,Able Patch,LOT-69596629,2026-12-31,70,2026-10-22
CT-6592-IDY,Timstad Logistics Center,SITE-110,Korea,Able Patch,LOT-28252003,2027-04-18,54,2027-02-23
CT-6592-IDY,Russellhaven Logistics Center,SITE-110,Lesotho,Able Patch,LOT-66123852,2028-07-06,87,2028-04-10
CT-6592-IDY,Derekville Logistics Center,SITE-109,Portugal,Myself Capsule,LOT-77757177,2028-01-16,88,2027-10-20
CT-6592-IDY,Georgeview Logistics Center,SITE-110,United States of America,Myself Capsule,LOT-19994803,2027-03-23,73,2027-01-09
CT-6592-IDY,Port Tiffany Logistics Center,SITE-110,Albania,Myself Capsule,LOT-45619384,2027-10-20,32,2027-09-18
CT-8970-PLO,New David Logistics Center,SITE-114,Italy,Help Solution,LOT-26474824,2026-11-13,79,2026-08-26
CT-8970-PLO,West Tonya Logistics Center,SITE-111,Palestinian Territory,Help Solution,LOT-43759862,2026-10-16,71,2026-08-06
CT-8970-PLO,Sullivanview Logistics Center,SITE-111,Kazakhstan,Range Solution,LOT-84562329,2025-10-19,80,2025-07-31
CT-8970-PLO,Smithshire Logistics Center,SITE-115,Austria,Range Solution,LOT-74101873,2025-10-17,69,2025-08-09
CT-8970-PLO,Jonesville Logistics Center,SITE-114,Mali,Artist Solution,LOT-91814441,2026-02-14,77,2025-11-29
CT-8970-PLO,Hernandezborough Logistics Center,SITE-111,Comoros,Artist Solution,LOT-65133728,2025-05-23,33,2025-04-20
CT-8970-PLO,Irwinmouth Logistics Center,SITE-113,Kiribati,Various Solution,LOT-14354504,2025-07-25,35,2025-06-20
CT-8970-PLO,Jonesshire Logistics Center,SITE-113,Tokelau,Various Solution,LOT-44689282,2027-09-02,87,2027-06-07
CT-8970-PLO,Jonesshire Logistics Center,SITE-111,Tokelau,Various Solution,LOT-24616505,2027-04-30,73,2027-02-16
CT-5806-JWO,Irwinmouth Logistics Center,SITE-126,Kiribati,Figure Capsule,LOT-91428756,2027-12-20,68,2027-10-13
CT-5806-JWO,South Christopher Logistics Center,SITE-128,Afghanistan,Figure Capsule,LOT-80893385,2027-08-29,32,2027-07-28
CT-5806-JWO,Carterton Logistics Center,SITE-125,Zambia,Set Solution,LOT-17051687,2026-02-23,88,2025-11-27
CT-5806-JWO,West Tonya Logistics Center,SITE-129,Palestinian Territory,Set Solution,LOT-62532897,2027-05-10,58,2027-03-13
CT-5806-JWO,Braunberg Logistics Center,SITE-123,Nepal,Set Solution,LOT-89350866,2025-02-07,54,2024-12-15
CT-5806-JWO,Allenstad Logistics Center,SITE-123,Papua New Guinea,Set Solution,LOT-26730959,2026-03-16,47,2026-01-28
CT-5806-JWO,New Thomas Logistics Center,SITE-126,Taiwan,Shake Tablet,LOT-70504064,2027-01-09,74,2026-10-27
CT-5806-JWO,Jonesville Logistics Center,SITE-121,Mali,Shake Tablet,LOT-92761826,2026-06-08,19,2026-05-20
CT-5806-JWO,Irwinmouth Logistics Center,SITE-126,Kiribati,Age Tablet,LOT-53734310,2027-03-14,51,2027-01-22
CT-5806-JWO,Jordanmouth Logistics Center,SITE-127,Swaziland,Age Tablet,LOT-60891080,2027-06-20,38,2027-05-13
CT-8015-GMQ,New Amymouth Logistics Center,SITE-132,Qatar,Simply Injection,LOT-92879466,2027-09-05,89,2027-06-08
CT-8015-GMQ,New David Logistics Center,SITE-135,Italy,Simply Injection,LOT-93844966,2027-02-20,67,2026-12-15
CT-8015-GMQ,Margaretville Logistics Center,SITE-135,Belgium,Simply Injection,LOT-23670572,2026-05-20,59,2026-03-22
CT-8015-GMQ,Sullivanview Logistics Center,SITE-140,Kazakhstan,Memory Solution,LOT-49095565,2026-06-14,89,2026-03-17
CT-8015-GMQ,Coreyshire Logistics Center,SITE-134,Saint Kitts and Nevis,Memory Solution,LOT-21570201,2026-12-22,56,2026-10-27
CT-8872-GKR,Ortizfort Logistics Center,SITE-145,American Samoa,Step Solution,LOT-60549611,2027-09-25,38,2027-08-18
CT-8872-GKR,Port Tiffany Logistics Center,SITE-144,Albania,Step Solution,LOT-92214561,2027-10-18,43,2027-09-05
CT-8872-GKR,Russellhaven Logistics Center,SITE-145,Lesotho,Step Solution,LOT-88132342,2026-05-17,32,2026-04-15
CT-8872-GKR,North Christophertown Logistics Center,SITE-141,Cote d'Ivoire,Type Injection,LOT-24028484,2026-03-16,24,2026-02-20
CT-8872-GKR,New David Logistics Center,SITE-141,Italy,Type Injection,LOT-74130481,2026-12-23,69,2026-10-15
CT-8872-GKR,Hernandezborough Logistics Center,SITE-143,Comoros,Type Injection,LOT-51166600,2028-06-14,31,2028-05-14
CT-8872-GKR,Greenefort Logistics Center,SITE-141,Indonesia,Sense Tablet,LOT-49329322,2025-11-05,61,2025-09-05
CT-8872-GKR,Carterbury Logistics Center,SITE-142,Finland,Sense Tablet,LOT-99508478,2026-10-22,25,2026-09-27
CT-8872-GKR,Christopherfurt Logistics Center,SITE-142,Gibraltar,Sense Tablet,LOT-36676116,2027-08-31,34,2027-07-28
CT-1696-SCY,Tracyberg Logistics Center,SITE-154,Kenya,Property Tablet,LOT-65372587,2025-02-09,25,2025-01-15
CT-1696-SCY,Turnerview Logistics Center,SITE-147,Guam,Property Tablet,LOT-48273549,2025-03-04,27,2025-02-05
CT-1696-SCY,South Conniebury Logistics Center,SITE-154,Guadeloupe,Expect Tablet,LOT-44491067,2028-06-07,75,2028-03-24
CT-1696-SCY,New Thomas Logistics Center,SITE-147,Taiwan,Expect Tablet,LOT-46656333,2026-12-03,84,2026-09-10
CT-3228-ZKT,Allenstad Logistics Center,SITE-159,Papua New Guinea,Cold Injection,LOT-63567190,2027-08-13,62,2027-06-12
CT-3228-ZKT,Carterton Logistics Center,SITE-159,Zambia,Cold Injection,LOT-98018080,2026-12-09,38,2026-11-01
CT-3228-ZKT,Carterbury Logistics Center,SITE-163,Finland,Cold Injection,LOT-67845376,2026-12-11,39,2026-11-02
CT-3228-ZKT,Carterton Logistics Center,SITE-159,Zambia,Cold Injection,LOT-56689918,2027-02-21,90,2026-11-23
CT-3228-ZKT,Tracyberg Logistics Center,SITE-164,Kenya,Better Tablet,LOT-63418468,2027-01-01,69,2026-10-24
CT-3228-ZKT,Braunberg Logistics Center,SITE-164,Nepal,Better Tablet,LOT-44501033,2026-03-18,59,2026-01-18
CT-3228-ZKT,Georgeview Logistics Center,SITE-164,United States of America,Better Tablet,LOT-82054650,2025-02-19,26,2025-01-24
CT-3228-ZKT,Jonesshire Logistics Center,SITE-155,Tokelau,Better Tablet,LOT-54364032,2027-02-24,49,2027-01-06
CT-3228-ZKT,Russellhaven Logistics Center,SITE-156,Lesotho,Commercial Tablet,LOT-57780542,2026-03-10,64,2026-01-05
CT-3228-ZKT,Smithshire Logistics Center,SITE-161,Austria,Commercial Tablet,LOT-60873216,2025-12-23,78,2025-10-06
CT-3228-ZKT,Coreyshire Logistics Center,SITE-159,Saint Kitts and Nevis,Commercial Tablet,LOT-24674076,2025-05-05,44,2025-03-22
CT-3228-ZKT,West Tonya Logistics Center,SITE-164,Palestinian Territory,Commercial Tablet,LOT-97567509,2027-07-08,89,2027-04-10
CT-3228-ZKT,Jonesville Logistics Center,SITE-160,Mali,Tree Injection,LOT-38707248,2027-04-24,41,2027-03-14
CT-3228-ZKT,Greenefort Logistics Center,SITE-155,Indonesia,Tree Injection,LOT-73483649,2026-06-15,77,2026-03-30
CT-6910-RDE,South Christopher Logistics Center,SITE-171,Afghanistan,Toward Injection,LOT-99078202,2027-02-18,51,2026-12-29
CT-6910-RDE,Meyersmouth Logistics Center,SITE-171,Grenada,Toward Injection,LOT-11992270,2026-12-29,63,2026-10-27
CT-6910-RDE,Lake Taratown Logistics Center,SITE-166,British Virgin Islands,Toward Injection,LOT-57705062,2024-12-08,64,2024-10-05
CT-6910-RDE,Smithshire Logistics Center,SITE-167,Austria,South Capsule,LOT-31271496,2026-08-01,78,2026-05-15
CT-6910-RDE,East Matthewton Logistics Center,SITE-166,Central African Republic,South Capsule,LOT-34308389,2027-12-25,41,2027-11-14
CT-6910-RDE,Carterton Logistics Center,SITE-166,Zambia,South Capsule,LOT-79555656,2026-08-02,77,2026-05-17
CT-6910-RDE,West Meghanmouth Logistics Center,SITE-166,Turkmenistan,South Capsule,LOT-42199452,2026-02-20,35,2026-01-16
CT-6910-RDE,Russellhaven Logistics Center,SITE-168,Lesotho,Win Injection,LOT-37189202,2027-03-07,31,2027-02-04
CT-6910-RDE,Wolfport Logistics Center,SITE-170,Sao Tome and Principe,Win Injection,LOT-34198332,2026-11-08,16,2026-10-23
CT-6910-RDE,Meyersmouth Logistics Center,SITE-166,Grenada,Win Injection,LOT-34166590,2027-08-23,49,2027-07-05
CT-6910-RDE,Derekville Logistics Center,SITE-165,Portugal,Dog Patch,LOT-16824774,2025-09-28,42,2025-08-17
CT-6910-RDE,Greenefort Logistics Center,SITE-167,Indonesia,Dog Patch,LOT-14364098,2028-06-06,90,2028-03-08
CT-8742-ECD,West Tonya Logistics Center,SITE-177,Palestinian Territory,Blue Patch,LOT-45571743,2025-05-24,89,2025-02-24
CT-8742-ECD,Wolfport Logistics Center,SITE-174,Sao Tome and Principe,Blue Patch,LOT-48781281,2025-05-21,37,2025-04-14
CT-8742-ECD,Allenstad Logistics Center,SITE-176,Papua New Guinea,Article Tablet,LOT-94846184,2026-06-19,47,2026-05-03
CT-8742-ECD,Braunberg Logistics Center,SITE-178,Nepal,Article Tablet,LOT-83111741,2027-07-24,89,2027-04-26
CT-8742-ECD,South Christopher Logistics Center,SITE-176,Afghanistan,Happy Solution,LOT-96926481,2025-12-19,24,2025-11-25
CT-8742-ECD,Meyersmouth Logistics Center,SITE-172,Grenada,Happy Solution,LOT-26310890,2027-07-02,33,2027-05-30
CT-8742-ECD,New Amymouth Logistics Center,SITE-177,Qatar,Happy Solution,LOT-54560092,2026-11-06,26,2026-10-11
CT-8742-ECD,Lake Jonathan Logistics Center,SITE-178,Togo,Happy Solution,LOT-61778837,2025-11-20,41,2025-10-10
CT-8742-ECD,New David Logistics Center,SITE-176,Italy,Side Capsule,LOT-71950782,2027-06-26,15,2027-06-11
CT-8742-ECD,Jonesshire Logistics Center,SITE-176,Tokelau,Side Capsule,LOT-77179223,2026-04-27,19,2026-04-08
CT-8742-ECD,East Hollyport Logistics Center,SITE-174,Mongolia,Side Capsule,LOT-99482219,2027-01-22,56,2026-11-27
CT-8742-ECD,Jonesville Logistics Center,SITE-173,Mali,Side Capsule,LOT-97576608,2028-01-14,66,2027-11-09
CT-7047-GQC,Meyerview Logistics Center,SITE-180,Russian Federation,Impact Patch,LOT-73100049,2026-06-22,58,2026-04-25
CT-7047-GQC,Russellhaven Logistics Center,SITE-189,Lesotho,Impact Patch,LOT-61967620,2025-02-27,19,2025-02-08
CT-7047-GQC,Meyerview Logistics Center,SITE-188,Russian Federation,Impact Patch,LOT-51540998,2025-10-25,31,2025-09-24
CT-7047-GQC,Carterbury Logistics Center,SITE-179,Finland,Enter Capsule,LOT-66613397,2025-11-03,19,2025-10-15
CT-7047-GQC,Irwinmouth Logistics Center,SITE-186,Kiribati,Enter Capsule,LOT-70117079,2027-08-17,49,2027-06-29
CT-7047-GQC,Irwinmouth Logistics Center,SITE-184,Kiribati,Beyond Solution,LOT-41222298,2027-09-18,86,2027-06-24
CT-7047-GQC,Jonesville Logistics Center,SITE-186,Mali,Beyond Solution,LOT-71110407,2025-11-10,86,2025-08-16
CT-1816-RCG,Sullivanview Logistics Center,SITE-191,Kazakhstan,Effort Capsule,LOT-60968631,2026-10-17,88,2026-07-21
CT-1816-RCG,Meyersmouth Logistics Center,SITE-190,Grenada,Effort Capsule,LOT-73297905,2027-10-04,89,2027-07-07
CT-1816-RCG,South Conniebury Logistics Center,SITE-191,Guadeloupe,New Solution,LOT-19895402,2026-05-19,90,2026-02-18
CT-1816-RCG,Meyerview Logistics Center,SITE-190,Russian Federation,New Solution,LOT-36343625,2025-10-11,47,2025-08-25
CT-6109-EDZ,West Tonya Logistics Center,SITE-194,Palestinian Territory,Should Tablet,LOT-57559766,2025-09-05,70,2025-06-27
CT-6109-EDZ,Sullivanview Logistics Center,SITE-193,Kazakhstan,Should Tablet,LOT-83708194,2026-02-22,41,2026-01-12
CT-6109-EDZ,Turnerview Logistics Center,SITE-198,Guam,Should Tablet,LOT-51723458,2027-09-04,72,2027-06-24
CT-6109-EDZ,Coreyshire Logistics Center,SITE-203,Saint Kitts and Nevis,Should Tablet,LOT-86190416,2026-07-12,32,2026-06-10
CT-6109-EDZ,Timstad Logistics Center,SITE-194,Korea,Run Solution,LOT-31019227,2026-06-17,52,2026-04-26
CT-6109-EDZ,Meganchester Logistics Center,SITE-194,Angola,Run Solution,LOT-17958339,2027-07-20,64,2027-05-17
CT-6109-EDZ,Meyersmouth Logistics Center,SITE-202,Grenada,Run Solution,LOT-49441641,2026-07-19,84,2026-04-26
CT-6109-EDZ,Freemanmouth Logistics Center,SITE-195,Canada,Run Solution,LOT-70811881,2026-09-05,58,2026-07-09
CT-9831-IEW,South Nathanmouth Logistics Center,SITE-210,Greece,Receive Patch,LOT-72460791,2026-08-09,43,2026-06-27
CT-9831-IEW,Hernandezborough Logistics Center,SITE-207,Comoros,Receive Patch,LOT-17670878,2025-08-26,54,2025-07-03
CT-9831-IEW,Port Tiffany Logistics Center,SITE-208,Albania,Something Patch,LOT-99664516,2027-04-18,68,2027-02-09
CT-9831-IEW,Allenstad Logistics Center,SITE-208,Papua New Guinea,Something Patch,LOT-26376337,2026-09-04,49,2026-07-17
CT-9831-IEW,Greenefort Logistics Center,SITE-209,Indonesia,Stock Patch,LOT-57874485,2025-11-17,21,2025-10-27
CT-9831-IEW,New David Logistics Center,SITE-212,Italy,Stock Patch,LOT-82476241,2025-06-26,65,2025-04-22
CT-9831-IEW,Greenefort Logistics Center,SITE-212,Indonesia,High Injection,LOT-54732004,2028-04-03,89,2028-01-05
CT-9831-IEW,Christopherfurt Logistics Center,SITE-208,Gibraltar,High Injection,LOT-46257312,2027-11-30,71,2027-09-20
CT-9831-IEW,Wolfport Logistics Center,SITE-206,Sao Tome and Principe,High Injection,LOT-18410275,2026-02-02,77,2025-11-17
CT-9831-IEW,Meyerview Logistics Center,SITE-206,Russian Federation,High Injection,LOT-70273170,2025-03-21,46,2025-02-03
CT-3395-UCM,New Amymouth Logistics Center,SITE-214,Qatar,Continue Capsule,LOT-13344610,2026-12-16,78,2026-09-29
CT-3395-UCM,Greenefort Logistics Center,SITE-219,Indonesia,Continue Capsule,LOT-10817867,2025-11-17,62,2025-09-16
CT-3395-UCM,New Laura Logistics Center,SITE-217,Czech Republic,Keep Capsule,LOT-30151730,2027-03-31,66,2027-01-24
CT-3395-UCM,New Laura Logistics Center,SITE-217,Czech Republic,Keep Capsule,LOT-62442527,2025-09-06,61,2025-07-07
CT-3395-UCM,New Thomas Logistics Center,SITE-219,Taiwan,Keep Capsule,LOT-64232123,2026-12-19,74,2026-10-06
CT-3395-UCM,Allenstad Logistics Center,SITE-214,Papua New Guinea,Reduce Solution,LOT-16679340,2027-01-15,60,2026-11-16
CT-3395-UCM,Braunberg Logistics Center,SITE-214,Nepal,Reduce Solution,LOT-52789053,2026-04-29,89,2026-01-30
CT-3395-UCM,Freemanmouth Logistics Center,SITE-215,Canada,Reduce Solution,LOT-62567327,2026-09-17,90,2026-06-19
CT-4229-AWU,Meyersmouth Logistics Center,SITE-225,Grenada,Pull Patch,LOT-66136964,2026-11-16,84,2026-08-24
CT-4229-AWU,New David Logistics Center,SITE-227,Italy,Pull Patch,LOT-19373416,2026-01-17,28,2025-12-20
CT-4229-AWU,New David Logistics Center,SITE-225,Italy,Experience Tablet,LOT-22597604,2026-01-21,76,2025-11-06
CT-4229-AWU,New Laura Logistics Center,SITE-221,Czech Republic,Experience Tablet,LOT-12068529,2025-11-10,32,2025-10-09
CT-4229-AWU,Meyersmouth Logistics Center,SITE-229,Grenada,Experience Tablet,LOT-13988492,2026-07-08,68,2026-05-01
CT-4229-AWU,South Nathanmouth Logistics Center,SITE-228,Greece,Indicate Patch,LOT-91082003,2026-08-10,33,2026-07-08
CT-4229-AWU,Timstad Logistics Center,SITE-221,Korea,Indicate Patch,LOT-81143076,2027-03-08,54,2027-01-13
CT-4229-AWU,Greenefort Logistics Center,SITE-224,Indonesia,Indicate Patch,LOT-26118494,2026-04-24,18,2026-04-06
CT-4229-AWU,Margaretville Logistics Center,SITE-227,Belgium,Light Tablet,LOT-30324704,2028-05-13,44,2028-03-30
CT-4229-AWU,East Matthewton Logistics Center,SITE-232,Central African Republic,Light Tablet,LOT-85774109,2026-09-07,32,2026-08-06
CT-4229-AWU,Turnerview Logistics Center,SITE-223,Guam,Light Tablet,LOT-34068905,2026-04-22,59,2026-02-22
CT-9771-CZL,Wolfport Logistics Center,SITE-236,Sao Tome and Principe,Us Solution,LOT-16473868,2027-01-28,74,2026-11-15
CT-9771-CZL,Sullivanview Logistics Center,SITE-241,Kazakhstan,Us Solution,LOT-85311620,2026-10-19,71,2026-08-09
CT-9771-CZL,New Amymouth Logistics Center,SITE-237,Qatar,Us Solution,LOT-83383410,2027-04-27,89,2027-01-28
CT-9771-CZL,Ortizfort Logistics Center,SITE-238,American Samoa,Us Solution,LOT-73505709,2027-09-26,30,2027-08-27
CT-9771-CZL,South Christopher Logistics Center,SITE-239,Afghanistan,Player Solution,LOT-29648706,2026-06-22,28,2026-05-25
CT-9771-CZL,South Lance Logistics Center,SITE-239,Bhutan,Player Solution,LOT-11996537,2025-05-30,21,2025-05-09
CT-9771-CZL,New Amymouth Logistics Center,SITE-241,Qatar,Player Solution,LOT-49258177,2027-03-17,40,2027-02-05
CT-5014-EEP,Christopherfurt Logistics Center,SITE-247,Gibraltar,Fund Tablet,LOT-27607761,2026-08-18,75,2026-06-04
CT-5014-EEP,Port Charlene Logistics Center,SITE-243,Argentina,Fund Tablet,LOT-35809899,2026-06-17,24,2026-05-24
CT-5014-EEP,Hernandezborough Logistics Center,SITE-250,Comoros,They Capsule,LOT-29384973,2027-05-26,84,2027-03-03
CT-5014-EEP,East Hollyport Logistics Center,SITE-242,Mongolia,They Capsule,LOT-27803441,2026-11-22,73,2026-09-10
CT-3636-AVP,Coreyshire Logistics Center,SITE-261,Saint Kitts and Nevis,Though Solution,LOT-41301239,2025-12-18,74,2025-10-05
CT-3636-AVP,Irwinmouth Logistics Center,SITE-256,Kiribati,Though Solution,LOT-74019635,2027-05-24,63,2027-03-22
CT-3636-AVP,Ortizfort Logistics Center,SITE-255,American Samoa,Though Solution,LOT-91968301,2026-04-24,85,2026-01-29
CT-3636-AVP,South Lance Logistics Center,SITE-256,Bhutan,Though Solution,LOT-47865891,2028-02-08,79,2027-11-21
CT-3636-AVP,East Matthewton Logistics Center,SITE-256,Central African Republic,Agency Injection,LOT-86551756,2028-07-28,50,2028-06-08
CT-3636-AVP,South Conniebury Logistics Center,SITE-255,Guadeloupe,Agency Injection,LOT-89567405,2025-08-06,71,2025-05-27
CT-3636-AVP,Christopherfurt Logistics Center,SITE-253,Gibraltar,Agency Injection,LOT-27778437,2025-04-09,82,2025-01-17
CT-7484-BIH,East Hollyport Logistics Center,SITE-269,Mongolia,Hundred Solution,LOT-26774933,2026-08-08,22,2026-07-17
CT-7484-BIH,Meyerview Logistics Center,SITE-269,Russian Federation,Hundred Solution,LOT-26012891,2026-02-19,23,2026-01-27
CT-7484-BIH,Russellhaven Logistics Center,SITE-263,Lesotho,Hundred Solution,LOT-16159838,2025-09-01,79,2025-06-14
CT-7484-BIH,New David Logistics Center,SITE-264,Italy,Oil Tablet,LOT-31439488,2025-09-04,36,2025-07-30
CT-7484-BIH,Hernandezborough Logistics Center,SITE-264,Comoros,Oil Tablet,LOT-34726751,2025-08-29,47,2025-07-13
CT-7484-BIH,Carterton Logistics Center,SITE-269,Zambia,Oil Tablet,LOT-69561395,2026-04-24,23,2026-04-01
CT-7484-BIH,Greenefort Logistics Center,SITE-269,Indonesia,Great Patch,LOT-65547337,2026-04-22,66,2026-02-15
CT-7484-BIH,Allenstad Logistics Center,SITE-266,Papua New Guinea,Great Patch,LOT-39340148,2025-12-10,46,2025-10-25
CT-7487-KNX,Ortizfort Logistics Center,SITE-273,American Samoa,Reason Tablet,LOT-17450919,2027-02-13,52,2026-12-23
CT-7487-KNX,Jonesville Logistics Center,SITE-277,Mali,Reason Tablet,LOT-75893896,2025-12-12,35,2025-11-07
CT-7487-KNX,Port Tiffany Logistics Center,SITE-277,Albania,Reason Tablet,LOT-59884250,2026-03-21,24,2026-02-25
CT-7487-KNX,Whitneybury Logistics Center,SITE-271,Palau,Reason Tablet,LOT-10801382,2025-10-07,41,2025-08-27
CT-7487-KNX,Ortizfort Logistics Center,SITE-270,American Samoa,Contain Solution,LOT-90900846,2026-03-28,89,2025-12-29
CT-7487-KNX,Smithshire Logistics Center,SITE-273,Austria,Contain Solution,LOT-70758392,2027-07-12,53,2027-05-20
CT-7487-KNX,Port Charlene Logistics Center,SITE-274,Argentina,Contain Solution,LOT-25529234,2025-04-14,69,2025-02-04
CT-7487-KNX,Freemanmouth Logistics Center,SITE-271,Canada,Issue Patch,LOT-99304671,2026-12-21,45,2026-11-06
CT-7487-KNX,Carterbury Logistics Center,SITE-276,Finland,Issue Patch,LOT-31152831,2025-09-07,21,2025-08-17
CT-3230-HFO,Timstad Logistics Center,SITE-280,Korea,Health Solution,LOT-10539218,2028-01-17,86,2027-10-23
CT-3230-HFO,Allenstad Logistics Center,SITE-281,Papua New Guinea,Health Solution,LOT-32873081,2027-11-06,50,2027-09-17
CT-3230-HFO,South Christopher Logistics Center,SITE-280,Afghanistan,Treat Tablet,LOT-28229614,2026-12-14,77,2026-09-28
CT-3230-HFO,Jonesshire Logistics Center,SITE-287,Tokelau,Treat Tablet,LOT-78676156,2026-02-22,64,2025-12-20
CT-3230-HFO,Coreyshire Logistics Center,SITE-282,Saint Kitts and Nevis,Treat Tablet,LOT-46366370,2025-11-01,55,2025-09-07
CT-3230-HFO,New David Logistics Center,SITE-290,Italy,Free Solution,LOT-65730343,2026-08-19,46,2026-07-04
CT-3230-HFO,Meyersmouth Logistics Center,SITE-288,Grenada,Free Solution,LOT-63929636,2027-01-02,81,2026-10-13
CT-3230-HFO,South Jennifer Logistics Center,SITE-289,Malawi,Free Solution,LOT-58463446,2027-04-08,83,2027-01-15
CT-3230-HFO,South Lance Logistics Center,SITE-282,Bhutan,Free Solution,LOT-54197135,2028-02-12,25,2028-01-18
CT-6551-IBW,East Dianeland Logistics Center,SITE-294,Malaysia,Member Solution,LOT-28144033,2027-05-02,79,2027-02-12
CT-6551-IBW,Freemanmouth Logistics Center,SITE-294,Canada,Member Solution,LOT-11280930,2025-06-12,33,2025-05-10
CT-6551-IBW,Smithshire Logistics Center,SITE-293,Austria,Anyone Tablet,LOT-89806740,2026-07-09,28,2026-06-11
CT-6551-IBW,Lake Taratown Logistics Center,SITE-293,British Virgin Islands,Anyone Tablet,LOT-71401478,2026-01-29,41,2025-12-19
CT-6551-IBW,Port Tiffany Logistics Center,SITE-292,Albania,Anyone Tablet,LOT-34574127,2027-11-14,63,2027-09-12
CT-6551-IBW,Tracyberg Logistics Center,SITE-294,Kenya,Cell Tablet,LOT-20749320,2027-03-24,62,2027-01-21
CT-6551-IBW,South Christopher Logistics Center,SITE-292,Afghanistan,Cell Tablet,LOT-44540514,2026-09-19,18,2026-09-01
CT-6551-IBW,Jonesville Logistics Center,SITE-291,Mali,Cell Tablet,LOT-91103841,2025-10-04,51,2025-08-14
CT-3472-PNG,Carterbury Logistics Center,SITE-295,Finland,Culture Solution,LOT-59019698,2026-07-17,24,2026-06-23
CT-3472-PNG,Tracyberg Logistics Center,SITE-296,Kenya,Culture Solution,LOT-36766763,2026-01-11,76,2025-10-27
CT-3472-PNG,Carterton Logistics Center,SITE-298,Zambia,Speech Patch,LOT-88008746,2027-01-08,64,2026-11-05
CT-3472-PNG,West Meghanmouth Logistics Center,SITE-296,Turkmenistan,Speech Patch,LOT-14377768,2027-01-10,47,2026-11-24
CT-3472-PNG,South Christopher Logistics Center,SITE-305,Afghanistan,Speech Patch,LOT-16979238,2026-05-12,25,2026-04-17
CT-3472-PNG,Meyerview Logistics Center,SITE-304,Russian Federation,Speech Patch,LOT-22463904,2025-09-22,54,2025-07-30
CT-3472-PNG,Port Tiffany Logistics Center,SITE-297,Albania,Floor Patch,LOT-21437748,2026-06-27,57,2026-05-01
CT-3472-PNG,South Christopher Logistics Center,SITE-295,Afghanistan,Floor Patch,LOT-89268420,2026-12-16,65,2026-10-12
CT-9781-BYC,North Johnburgh Logistics Center,SITE-309,Saudi Arabia,Trouble Capsule,LOT-96443919,2026-12-26,87,2026-09-30
CT-9781-BYC,East Katrina Logistics Center,SITE-307,Bahamas,Trouble Capsule,LOT-91403277,2025-11-01,44,2025-09-18
CT-9781-BYC,Irwinmouth Logistics Center,SITE-310,Kiribati,Trouble Capsule,LOT-56495866,2025-10-04,68,2025-07-28
CT-9781-BYC,Meyersmouth Logistics Center,SITE-310,Grenada,Positive Injection,LOT-27880910,2026-11-19,68,2026-09-12
CT-9781-BYC,South Jennifer Logistics Center,SITE-312,Malawi,Positive Injection,LOT-76547161,2027-05-21,40,2027-04-11
CT-9781-BYC,East Hollyport Logistics Center,SITE-309,Mongolia,Positive Injection,LOT-37532398,2026-09-16,22,2026-08-25
CT-9781-BYC,East Katrina Logistics Center,SITE-306,Bahamas,That Solution,LOT-30558715,2026-04-14,25,2026-03-20
CT-9781-BYC,Christopherfurt Logistics Center,SITE-312,Gibraltar,That Solution,LOT-35724940,2025-08-11,54,2025-06-18
CT-9781-BYC,Derekville Logistics Center,SITE-311,Portugal,That Solution,LOT-62858960,2026-09-20,82,2026-06-30
CT-9781-BYC,Timstad Logistics Center,SITE-308,Korea,Compare Tablet,LOT-60226706,2026-10-02,50,2026-08-13
CT-9781-BYC,Smithshire Logistics Center,SITE-312,Austria,Compare Tablet,LOT-50305764,2025-11-05,79,2025-08-18
CT-9781-BYC,Lake Jonathan Logistics Center,SITE-312,Togo,Compare Tablet,LOT-72341875,2025-12-10,32,2025-11-08
